Day,Platform,Format,Topic,Time,Rationale
1,LINKEDIN,Thread,Introduction to LangGraph and its applications in AI,09:00 AM,"This topic is grounded in Jane Doe's profile analysis, focusing on LangGraph, a key area of expertise."
1,TWITTER,Short Post,What is RAG and how does it relate to AI and ML?,12:00 PM,"RAG is a trending topic in the competitive intelligence summary, making it a relevant topic for Jane Doe's audience."
2,LINKEDIN,Article,"The role of agents in AI and ML, with a focus on LangGraph",09:00 AM,"Agents are a key topic in Jane Doe's profile analysis, and exploring their role in AI and ML can provide valuable insights for her audience."
2,TWITTER,Short Post,What are the benefits of using VectorDB in AI and ML?,06:00 PM,"VectorDB is a trending topic in the competitive intelligence summary, and exploring its benefits can help Jane Doe establish thought leadership in the area."
3,LINKEDIN,Listicle,MLOps and its relationship to LangGraph and RAG,12:00 PM,"MLOps is a relevant topic in Jane Doe's profile analysis, and exploring its relationship to LangGraph and RAG can provide valuable insights for her audience."
3,TWITTER,Short Post,Prompt-engineering for LangGraph: tips and best practices,09:00 AM,"Prompt-engineering is a gap in the competitive intelligence summary, and providing tips and best practices can help Jane Doe establish thought leadership in the area."
4,LINKEDIN,Poll,Collaboration opportunities in LLMOps with competitors like Alex Chen or David Osei,06:00 PM,"Collaborating with competitors is an opportunity in the competitive intelligence summary, and exploring potential collaboration opportunities can help Jane Doe expand her reach and credibility."
5,TWITTER,Short Post,What are the benefits of using LangGraph in AI and ML?,09:00 AM,"LangGraph is a key topic in Jane Doe's profile analysis, and exploring its benefits can help her establish thought leadership in the area."
5,LINKEDIN,Carousel,A comprehensive guide to implementing LangGraph in AI and ML,12:00 PM,"A comprehensive guide to LangGraph is an opportunity in the competitive intelligence summary, and providing a step-by-step guide can help Jane Doe establish thought leadership in the area."
6,TWITTER,Short Post,How to get started with RAG in AI and ML,06:00 PM,"RAG is a trending topic in the competitive intelligence summary, and providing a getting-started guide can help Jane Doe attract new audiences."
7,LINKEDIN,Article,The future of AI and ML: trends and predictions,09:00 AM,"Exploring the future of AI and ML is a relevant topic in Jane Doe's profile analysis, and providing trends and predictions can help her establish thought leadership in the area."
7,TWITTER,Short Post,What are the most exciting developments in LangGraph and RAG?,12:00 PM,"LangGraph and RAG are key topics in Jane Doe's profile analysis, and exploring the most exciting developments can help her attract new audiences and establish thought leadership."
